{
  "num_images": 500,
  "mIoU": 0.11279734762963338,
  "PQ": 0.020316578479151796,
  "SQ": 0.26685216180913635,
  "RQ": 0.032561944116530295
}