{
  "k80": {
    "num_images": 50,
    "SIC_mean": 99.99999999999989,
    "SIC_std": 1.3811605657358326e-13,
    "fragments_per_image_mean": 22.88,
    "fragments_per_image_std": 9.945129461198583,
    "stuff_contamination_mean": 9.96790717001209,
    "stuff_contamination_std": 6.936556030794702,
    "LER_mean": 4.955479816762003,
    "LER_std": 0.2928151365139352,
    "DAS_mean": 0.0450570215314812,
    "DAS_std": 0.011716705901922099,
    "label": "CAUSE-TR k=80 (baseline)"
  },
  "adapter_v3": {
    "num_images": 50,
    "SIC_mean": 99.99999999999993,
    "SIC_std": 7.201412847348324e-14,
    "fragments_per_image_mean": 16.72,
    "fragments_per_image_std": 6.965744755587876,
    "stuff_contamination_mean": 18.97661726030059,
    "stuff_contamination_std": 11.798996024043435,
    "LER_mean": 4.79209834561731,
    "LER_std": 0.26907140406963365,
    "DAS_mean": null,
    "DAS_std": null,
    "label": "+ DCFA v3"
  },
  "simcf_a": {
    "num_images": 50,
    "SIC_mean": 99.99999999999993,
    "SIC_std": 6.856645360252752e-14,
    "fragments_per_image_mean": 19.74,
    "fragments_per_image_std": 10.937659713119622,
    "stuff_contamination_mean": 11.380676712776118,
    "stuff_contamination_std": 7.401291922814564,
    "LER_mean": 4.9031576210557475,
    "LER_std": 0.2212880481658246,
    "DAS_mean": null,
    "DAS_std": null,
    "label": "+ SIMCF-A"
  },
  "simcf_abc": {
    "num_images": 50,
    "SIC_mean": 93.04236485639343,
    "SIC_std": 7.490426689691438,
    "fragments_per_image_mean": 17.36,
    "fragments_per_image_std": 9.53259670813782,
    "stuff_contamination_mean": 11.150998219636378,
    "stuff_contamination_std": 7.171162432534928,
    "LER_mean": 4.918522142008195,
    "LER_std": 0.22525820576472877,
    "DAS_mean": null,
    "DAS_std": null,
    "label": "+ SIMCF-ABC"
  },
  "dcfa_simcf_abc": {
    "num_images": 50,
    "SIC_mean": 60.607306749018626,
    "SIC_std": 19.1110479961537,
    "fragments_per_image_mean": 7.02,
    "fragments_per_image_std": 2.880902636327719,
    "stuff_contamination_mean": 18.96953995789431,
    "stuff_contamination_std": 11.802631433573179,
    "LER_mean": 4.79166720593657,
    "LER_std": 0.27385072562063556,
    "DAS_mean": null,
    "DAS_std": null,
    "label": "+ DCFA + SIMCF-ABC"
  }
}