{
  "k80": {
    "mapping": {
      "2": 8,
      "5": 10,
      "6": 17,
      "8": 1,
      "16": 16,
      "17": 6,
      "32": 18,
      "39": 0,
      "41": 2,
      "45": 12,
      "46": 14,
      "50": 9,
      "57": 4,
      "65": 15,
      "71": 5,
      "73": 13,
      "75": 11,
      "76": 3,
      "78": 7
    },
    "semantic": {
      "mIoU": 34.151683917189764,
      "pixel_accuracy": 20.455112600895507
    },
    "panoptic": {
      "all": {
        "PQ": 7.345306521717673,
        "SQ": 60.84459592094604,
        "RQ": 11.137344220813453
      },
      "stuff": {
        "PQ": 5.95776243352763,
        "SQ": 58.583161550085705,
        "RQ": 9.64454948931715
      },
      "things": {
        "PQ": 9.253179642978987,
        "SQ": 63.954068180879,
        "RQ": 13.189936976620872
      }
    },
    "label": "CAUSE-TR k=80 (baseline)"
  },
  "adapter_v3": {
    "mapping": {
      "5": 10,
      "8": 1,
      "9": 5,
      "10": 9,
      "14": 13,
      "16": 16,
      "17": 6,
      "29": 15,
      "32": 18,
      "35": 8,
      "37": 0,
      "40": 17,
      "41": 14,
      "48": 11,
      "50": 3,
      "66": 12,
      "74": 7,
      "76": 4,
      "79": 2
    },
    "semantic": {
      "mIoU": 35.643861902799685,
      "pixel_accuracy": 19.376962024953954
    },
    "panoptic": {
      "all": {
        "PQ": 8.578185878230016,
        "SQ": 61.10851854572853,
        "RQ": 12.262958784608795
      },
      "stuff": {
        "PQ": 5.514475423440488,
        "SQ": 58.701744934650634,
        "RQ": 8.689286005875449
      },
      "things": {
        "PQ": 12.790787753565622,
        "SQ": 64.41783226096067,
        "RQ": 17.176758855367137
      }
    },
    "label": "+ DCFA v3"
  },
  "simcf_abc": {
    "mapping": {
      "2": 8,
      "5": 10,
      "6": 17,
      "8": 1,
      "16": 16,
      "17": 6,
      "32": 18,
      "39": 0,
      "41": 2,
      "45": 12,
      "46": 14,
      "50": 9,
      "57": 4,
      "65": 15,
      "71": 5,
      "73": 13,
      "75": 11,
      "76": 3,
      "78": 7
    },
    "semantic": {
      "mIoU": 34.100405378247366,
      "pixel_accuracy": 20.4469400073249
    },
    "panoptic": {
      "all": {
        "PQ": 7.357773499563979,
        "SQ": 60.83763881432319,
        "RQ": 11.15664934577011
      },
      "stuff": {
        "PQ": 5.952941826720415,
        "SQ": 58.58591093784386,
        "RQ": 9.636201884386866
      },
      "things": {
        "PQ": 9.289417049723884,
        "SQ": 63.93376464448224,
        "RQ": 13.247264605172065
      }
    },
    "label": "+ SIMCF-ABC"
  },
  "dcfa_simcf_abc": {
    "mapping": {
      "5": 10,
      "8": 1,
      "9": 5,
      "10": 9,
      "14": 13,
      "16": 16,
      "17": 6,
      "29": 15,
      "32": 18,
      "35": 8,
      "37": 0,
      "40": 17,
      "41": 14,
      "48": 11,
      "50": 3,
      "66": 12,
      "74": 7,
      "76": 4,
      "79": 2
    },
    "semantic": {
      "mIoU": 35.164775607763595,
      "pixel_accuracy": 19.281193481819514
    },
    "panoptic": {
      "all": {
        "PQ": 8.577224671941867,
        "SQ": 61.35694209476472,
        "RQ": 12.288243687428265
      },
      "stuff": {
        "PQ": 5.475019822831662,
        "SQ": 59.20573436444555,
        "RQ": 8.640534125895277
      },
      "things": {
        "PQ": 12.842756339468398,
        "SQ": 64.31485272395359,
        "RQ": 17.303844334536123
      }
    },
    "label": "+ DCFA + SIMCF-ABC"
  },
  "dcfa_simcf_depthpro": {
    "mapping": {
      "5": 10,
      "8": 1,
      "10": 9,
      "14": 13,
      "16": 16,
      "17": 6,
      "23": 5,
      "29": 15,
      "32": 18,
      "35": 8,
      "40": 17,
      "41": 14,
      "48": 11,
      "49": 0,
      "50": 3,
      "66": 12,
      "68": 2,
      "74": 7,
      "76": 4
    },
    "semantic": {
      "mIoU": 35.18085298813208,
      "pixel_accuracy": 19.865160201958172
    },
    "panoptic": {
      "all": {
        "PQ": 10.025385638475907,
        "SQ": 57.000302586227825,
        "RQ": 14.148652515044455
      },
      "stuff": {
        "PQ": 5.528862643943997,
        "SQ": 49.20485024773175,
        "RQ": 8.736399324724514
      },
      "things": {
        "PQ": 16.208104755957287,
        "SQ": 67.71904955165991,
        "RQ": 21.59050065173438
      }
    },
    "label": "+ DCFA + SIMCF-ABC + DepthPro"
  }
}