{
  "mapping": {
    "5": 10,
    "8": 1,
    "10": 9,
    "14": 13,
    "16": 16,
    "17": 6,
    "23": 5,
    "29": 15,
    "32": 18,
    "35": 8,
    "40": 17,
    "41": 14,
    "48": 11,
    "49": 0,
    "50": 3,
    "66": 12,
    "68": 2,
    "74": 7,
    "76": 4
  },
  "semantic": {
    "mIoU": 35.18085298813208,
    "pixel_accuracy": 19.865160201958172
  },
  "panoptic": {
    "all": {
      "PQ": 10.025385638475907,
      "SQ": 57.000302586227825,
      "RQ": 14.148652515044455
    },
    "stuff": {
      "PQ": 5.528862643943997,
      "SQ": 49.20485024773175,
      "RQ": 8.736399324724514
    },
    "things": {
      "PQ": 16.208104755957287,
      "SQ": 67.71904955165991,
      "RQ": 21.59050065173438
    }
  }
}