{
  "mapping": {
    "2": 8,
    "5": 10,
    "6": 17,
    "8": 1,
    "16": 16,
    "17": 6,
    "32": 18,
    "39": 0,
    "41": 2,
    "45": 12,
    "46": 14,
    "50": 9,
    "57": 4,
    "65": 15,
    "71": 5,
    "73": 13,
    "75": 11,
    "76": 3,
    "78": 7
  },
  "semantic": {
    "mIoU": 34.100405378247366,
    "pixel_accuracy": 20.4469400073249
  },
  "panoptic": {
    "all": {
      "PQ": 7.357773499563979,
      "SQ": 60.83763881432319,
      "RQ": 11.15664934577011
    },
    "stuff": {
      "PQ": 5.952941826720415,
      "SQ": 58.58591093784386,
      "RQ": 9.636201884386866
    },
    "things": {
      "PQ": 9.289417049723884,
      "SQ": 63.93376464448224,
      "RQ": 13.247264605172065
    }
  }
}