{
  "mapping": {
    "5": 10,
    "8": 1,
    "9": 5,
    "10": 9,
    "14": 13,
    "16": 16,
    "17": 6,
    "29": 15,
    "32": 18,
    "35": 8,
    "37": 0,
    "40": 17,
    "41": 14,
    "48": 11,
    "50": 3,
    "66": 12,
    "74": 7,
    "76": 4,
    "79": 2
  },
  "semantic": {
    "mIoU": 35.643861902799685,
    "pixel_accuracy": 19.376962024953954
  },
  "panoptic": {
    "all": {
      "PQ": 8.578185878230016,
      "SQ": 61.10851854572853,
      "RQ": 12.262958784608795
    },
    "stuff": {
      "PQ": 5.514475423440488,
      "SQ": 58.701744934650634,
      "RQ": 8.689286005875449
    },
    "things": {
      "PQ": 12.790787753565622,
      "SQ": 64.41783226096067,
      "RQ": 17.176758855367137
    }
  }
}