{
  "mapping": {
    "2": 8,
    "5": 10,
    "6": 17,
    "8": 1,
    "16": 16,
    "17": 6,
    "32": 18,
    "39": 0,
    "41": 2,
    "45": 12,
    "46": 14,
    "50": 9,
    "57": 4,
    "65": 15,
    "71": 5,
    "73": 13,
    "75": 11,
    "76": 3,
    "78": 7
  },
  "semantic": {
    "mIoU": 34.151683917189764,
    "pixel_accuracy": 20.455112600895507
  },
  "panoptic": {
    "all": {
      "PQ": 7.345306521717673,
      "SQ": 60.84459592094604,
      "RQ": 11.137344220813453
    },
    "stuff": {
      "PQ": 5.95776243352763,
      "SQ": 58.583161550085705,
      "RQ": 9.64454948931715
    },
    "things": {
      "PQ": 9.253179642978987,
      "SQ": 63.954068180879,
      "RQ": 13.189936976620872
    }
  }
}