{
  "mapping": {
    "5": 10,
    "8": 1,
    "9": 5,
    "10": 9,
    "14": 13,
    "16": 16,
    "17": 6,
    "29": 15,
    "32": 18,
    "35": 8,
    "37": 0,
    "40": 17,
    "41": 14,
    "48": 11,
    "50": 3,
    "66": 12,
    "74": 7,
    "76": 4,
    "79": 2
  },
  "semantic": {
    "mIoU": 35.164775607763595,
    "pixel_accuracy": 19.281193481819514
  },
  "panoptic": {
    "all": {
      "PQ": 8.577224671941867,
      "SQ": 61.35694209476472,
      "RQ": 12.288243687428265
    },
    "stuff": {
      "PQ": 5.475019822831662,
      "SQ": 59.20573436444555,
      "RQ": 8.640534125895277
    },
    "things": {
      "PQ": 12.842756339468398,
      "SQ": 64.31485272395359,
      "RQ": 17.303844334536123
    }
  }
}