{
  "dataset": "coco_stuff27",
  "checkpoint": "checkpoints/dinov3_stage3/dinov3_official_stage3_step8000.ckpt",
  "num_images": 5000,
  "metrics": {
    "PQ": 0.08047,
    "SQ": 0.55337,
    "RQ": 0.10721,
    "PQ_things": 0.07347,
    "SQ_things": 0.43157,
    "RQ_things": 0.0922,
    "PQ_stuff": 0.08607,
    "SQ_stuff": 0.65081,
    "RQ_stuff": 0.11922,
    "mIoU": 0.15238,
    "Acc": 0.37696
  },
  "per_class": {
    "electronic": {
      "PQ": 0.01582,
      "SQ": 0.96003,
      "RQ": 0.01648
    },
    "appliance": {
      "PQ": 0.0,
      "SQ": 0.0,
      "RQ": 0.0
    },
    "food": {
      "PQ": 0.00041,
      "SQ": 0.61342,
      "RQ": 0.00067
    },
    "furniture": {
      "PQ": 0.00096,
      "SQ": 0.63134,
      "RQ": 0.00152
    },
    "indoor": {
      "PQ": 0.0,
      "SQ": 0.0,
      "RQ": 0.0
    },
    "kitchen": {
      "PQ": 0.0,
      "SQ": 0.0,
      "RQ": 0.0
    },
    "accessory": {
      "PQ": 0.00842,
      "SQ": 0.719,
      "RQ": 0.01171
    },
    "animal": {
      "PQ": 0.01734,
      "SQ": 0.66255,
      "RQ": 0.02618
    },
    "outdoor": {
      "PQ": 0.0,
      "SQ": 0.0,
      "RQ": 0.0
    },
    "person": {
      "PQ": 0.4901,
      "SQ": 0.81387,
      "RQ": 0.60219
    },
    "sports": {
      "PQ": 0.0,
      "SQ": 0.0,
      "RQ": 0.0
    },
    "vehicle": {
      "PQ": 0.34853,
      "SQ": 0.7786,
      "RQ": 0.44764
    },
    "ceiling": {
      "PQ": 0.0176,
      "SQ": 0.6191,
      "RQ": 0.02843
    },
    "floor": {
      "PQ": 0.01718,
      "SQ": 0.64288,
      "RQ": 0.02673
    },
    "food-stuff": {
      "PQ": 0.00072,
      "SQ": 0.50811,
      "RQ": 0.00143
    },
    "furniture-stuff": {
      "PQ": 0.00431,
      "SQ": 0.59307,
      "RQ": 0.00727
    },
    "raw-material": {
      "PQ": 0.02658,
      "SQ": 0.7014,
      "RQ": 0.0379
    },
    "textile": {
      "PQ": 0.00723,
      "SQ": 0.60042,
      "RQ": 0.01204
    },
    "wall": {
      "PQ": 0.09194,
      "SQ": 0.64383,
      "RQ": 0.1428
    },
    "window": {
      "PQ": 0.02771,
      "SQ": 0.62451,
      "RQ": 0.04437
    },
    "building": {
      "PQ": 0.08651,
      "SQ": 0.6563,
      "RQ": 0.13182
    },
    "ground": {
      "PQ": 0.21144,
      "SQ": 0.70845,
      "RQ": 0.29845
    },
    "plant": {
      "PQ": 0.24059,
      "SQ": 0.69719,
      "RQ": 0.34508
    },
    "sky": {
      "PQ": 0.38146,
      "SQ": 0.84426,
      "RQ": 0.45183
    },
    "solid": {
      "PQ": 0.0056,
      "SQ": 0.57841,
      "RQ": 0.00968
    },
    "structural": {
      "PQ": 0.16562,
      "SQ": 0.68892,
      "RQ": 0.2404
    },
    "water": {
      "PQ": 0.00656,
      "SQ": 0.65533,
      "RQ": 0.01001
    }
  }
}