{
  "dataset": "kitti_panoptic",
  "checkpoint": "checkpoints/dinov3_stage3/dinov3_official_stage3_step8000.ckpt",
  "num_images": 200,
  "metrics": {
    "PQ": 0.29315,
    "SQ": 0.52712,
    "RQ": 0.36842,
    "PQ_things": 0.24946,
    "SQ_things": 0.5488,
    "RQ_things": 0.31,
    "PQ_stuff": 0.32046,
    "SQ_stuff": 0.51357,
    "RQ_stuff": 0.40493,
    "mIoU": 0.44454,
    "Acc": 0.82141
  },
  "per_class": {
    "road": {
      "PQ": 0.91295,
      "SQ": 0.91754,
      "RQ": 0.995
    },
    "sidewalk": {
      "PQ": 0.35416,
      "SQ": 0.69448,
      "RQ": 0.50996
    },
    "parking": {
      "PQ": 0.0,
      "SQ": 0.0,
      "RQ": 0.0
    },
    "rail track": {
      "PQ": 0.0,
      "SQ": 0.0,
      "RQ": 0.0
    },
    "building": {
      "PQ": 0.4084,
      "SQ": 0.66829,
      "RQ": 0.61111
    },
    "wall": {
      "PQ": 0.52635,
      "SQ": 0.75004,
      "RQ": 0.70175
    },
    "fence": {
      "PQ": 0.27113,
      "SQ": 0.74162,
      "RQ": 0.36559
    },
    "guard rail": {
      "PQ": 0.0,
      "SQ": 0.0,
      "RQ": 0.0
    },
    "bridge": {
      "PQ": 0.0,
      "SQ": 0.0,
      "RQ": 0.0
    },
    "tunnel": {
      "PQ": 0.0,
      "SQ": 0.0,
      "RQ": 0.0
    },
    "pole": {
      "PQ": 0.00668,
      "SQ": 0.66433,
      "RQ": 0.01005
    },
    "polegroup": {
      "PQ": 0.0,
      "SQ": 0.0,
      "RQ": 0.0
    },
    "traffic light": {
      "PQ": 0.03668,
      "SQ": 0.57306,
      "RQ": 0.064
    },
    "traffic sign": {
      "PQ": 0.39068,
      "SQ": 0.76834,
      "RQ": 0.50847
    },
    "vegetation": {
      "PQ": 0.75639,
      "SQ": 0.78425,
      "RQ": 0.96447
    },
    "terrain": {
      "PQ": 0.57267,
      "SQ": 0.75164,
      "RQ": 0.7619
    },
    "sky": {
      "PQ": 0.8913,
      "SQ": 0.90347,
      "RQ": 0.98652
    },
    "person": {
      "PQ": 0.18378,
      "SQ": 0.70808,
      "RQ": 0.25954
    },
    "rider": {
      "PQ": 0.23085,
      "SQ": 0.65407,
      "RQ": 0.35294
    },
    "car": {
      "PQ": 0.15567,
      "SQ": 0.69222,
      "RQ": 0.22489
    },
    "truck": {
      "PQ": 0.38606,
      "SQ": 0.9008,
      "RQ": 0.42857
    },
    "bus": {
      "PQ": 0.63555,
      "SQ": 0.95333,
      "RQ": 0.66667
    },
    "caravan": {
      "PQ": 0.0,
      "SQ": 0.0,
      "RQ": 0.0
    },
    "trailer": {
      "PQ": 0.0,
      "SQ": 0.0,
      "RQ": 0.0
    },
    "train": {
      "PQ": 0.40088,
      "SQ": 0.86857,
      "RQ": 0.46154
    },
    "motorcycle": {
      "PQ": 0.0,
      "SQ": 0.0,
      "RQ": 0.0
    },
    "bicycle": {
      "PQ": 0.50183,
      "SQ": 0.71093,
      "RQ": 0.70588
    }
  }
}