{
  "dataset": "cityscapes_val",
  "checkpoint": "checkpoints/stage3_dcfa_simcf_abc/best_pq_step=001000.ckpt",
  "num_images": 500,
  "metrics": {
    "PQ": 0.33775,
    "SQ": 0.61751,
    "RQ": 0.42041,
    "PQ_things": 0.3272,
    "SQ_things": 0.64146,
    "RQ_things": 0.39583,
    "PQ_stuff": 0.34435,
    "SQ_stuff": 0.60254,
    "RQ_stuff": 0.43577,
    "mIoU": 0.45199,
    "Acc": 0.88641
  },
  "per_class_pq": {
    "road": 0.93969,
    "sidewalk": 0.61495,
    "parking": 0.01978,
    "rail track": 0.08746,
    "building": 0.79663,
    "wall": 0.38633,
    "fence": 0.32186,
    "guard rail": 0.0,
    "bridge": 0.1029,
    "tunnel": 0.0,
    "pole": 0.0,
    "polegroup": 0.0,
    "traffic light": 0.03241,
    "traffic sign": 0.31869,
    "vegetation": 0.79753,
    "terrain": 0.33829,
    "sky": 0.75302,
    "person": 0.35472,
    "rider": 0.21691,
    "car": 0.43243,
    "truck": 0.57075,
    "bus": 0.72569,
    "caravan": 0.0,
    "trailer": 0.0,
    "train": 0.66581,
    "motorcycle": 0.00359,
    "bicycle": 0.30205
  }
}