{
  "dataset": "cityscapes_val",
  "checkpoint": "checkpoints/stage3_dcfa_simcf_abc/best_pq_step=002200.ckpt",
  "num_images": 500,
  "metrics": {
    "PQ": 0.35472,
    "SQ": 0.62569,
    "RQ": 0.43213,
    "PQ_things": 0.35289,
    "SQ_things": 0.64093,
    "RQ_things": 0.41917,
    "PQ_stuff": 0.35587,
    "SQ_stuff": 0.61616,
    "RQ_stuff": 0.44024,
    "mIoU": 0.46053,
    "Acc": 0.89665
  },
  "per_class_pq": {
    "road": 0.9388,
    "sidewalk": 0.63346,
    "parking": 0.0,
    "rail track": 0.08831,
    "building": 0.82941,
    "wall": 0.33623,
    "fence": 0.33143,
    "guard rail": 0.0,
    "bridge": 0.09085,
    "tunnel": 0.0,
    "pole": 0.01835,
    "polegroup": 0.0,
    "traffic light": 0.04761,
    "traffic sign": 0.35711,
    "vegetation": 0.82927,
    "terrain": 0.34497,
    "sky": 0.84809,
    "person": 0.15795,
    "rider": 0.26828,
    "car": 0.65305,
    "truck": 0.621,
    "bus": 0.7658,
    "caravan": 0.0,
    "trailer": 0.0,
    "train": 0.7048,
    "motorcycle": 0.00114,
    "bicycle": 0.35686
  }
}