{
  "dataset": "cityscapes_val",
  "checkpoint": "checkpoints/stage3_dcfa_simcf_abc/best_pq_step=000800.ckpt",
  "num_images": 500,
  "metrics": {
    "PQ": 0.31872,
    "SQ": 0.60843,
    "RQ": 0.3994,
    "PQ_things": 0.29002,
    "SQ_things": 0.62733,
    "RQ_things": 0.35357,
    "PQ_stuff": 0.33666,
    "SQ_stuff": 0.59662,
    "RQ_stuff": 0.42804,
    "mIoU": 0.44473,
    "Acc": 0.88354
  },
  "per_class_pq": {
    "road": 0.93731,
    "sidewalk": 0.59859,
    "parking": 0.04383,
    "rail track": 0.08499,
    "building": 0.78986,
    "wall": 0.3443,
    "fence": 0.29842,
    "guard rail": 0.0,
    "bridge": 0.10352,
    "tunnel": 0.0,
    "pole": 0.0,
    "polegroup": 0.0,
    "traffic light": 0.0388,
    "traffic sign": 0.31355,
    "vegetation": 0.76978,
    "terrain": 0.3116,
    "sky": 0.75196,
    "person": 0.30605,
    "rider": 0.16947,
    "car": 0.33408,
    "truck": 0.57309,
    "bus": 0.68356,
    "caravan": 0.0,
    "trailer": 0.0,
    "train": 0.59779,
    "motorcycle": 0.00628,
    "bicycle": 0.22987
  }
}