{
  "kitti_step": {
    "pq": 0.003693836181978374,
    "pq_stuff": 0.0,
    "pq_things": 0.008772860932198638,
    "per_category": {
      "0": {
        "pq": 0.0,
        "sq": 0.0,
        "rq": 0.0,
        "tp": 0,
        "fp": 2981,
        "fn": 535
      },
      "1": {
        "pq": 0.0,
        "sq": 0.0,
        "rq": 0.0,
        "tp": 0,
        "fp": 2344,
        "fn": 236
      },
      "2": {
        "pq": 0.0,
        "sq": 0.0,
        "rq": 0.0,
        "tp": 0,
        "fp": 2280,
        "fn": 193
      },
      "3": {
        "pq": 0.0,
        "sq": 0.0,
        "rq": 0.0,
        "tp": 0,
        "fp": 1072,
        "fn": 153
      },
      "4": {
        "pq": 0.0,
        "sq": 0.0,
        "rq": 0.0,
        "tp": 0,
        "fp": 856,
        "fn": 347
      },
      "5": {
        "pq": 0.0,
        "sq": 0.0,
        "rq": 0.0,
        "tp": 0,
        "fp": 2118,
        "fn": 476
      },
      "6": {
        "pq": 0.0,
        "sq": 0.0,
        "rq": 0.0,
        "tp": 0,
        "fp": 0,
        "fn": 153
      },
      "7": {
        "pq": 0.0,
        "sq": 0.0,
        "rq": 0.0,
        "tp": 0,
        "fp": 1568,
        "fn": 281
      },
      "8": {
        "pq": 0.0,
        "sq": 0.0,
        "rq": 0.0,
        "tp": 0,
        "fp": 2981,
        "fn": 246
      },
      "9": {
        "pq": 0.0,
        "sq": 0.0,
        "rq": 0.0,
        "tp": 0,
        "fp": 2648,
        "fn": 240
      },
      "10": {
        "pq": 0.0,
        "sq": 0.0,
        "rq": 0.0,
        "tp": 0,
        "fp": 2903,
        "fn": 228
      },
      "11": {
        "pq": 0.0,
        "sq": 0.0,
        "rq": 0.0,
        "tp": 0,
        "fp": 1624,
        "fn": 214
      },
      "12": {
        "pq": 0.0,
        "sq": 0.0,
        "rq": 0.0,
        "tp": 0,
        "fp": 355,
        "fn": 209
      },
      "13": {
        "pq": 0.000701828874575891,
        "sq": 0.6861546963770295,
        "rq": 0.0010228435049437436,
        "tp": 3,
        "fp": 5668,
        "fn": 192
      },
      "14": {
        "pq": 0.0,
        "sq": 0.0,
        "rq": 0.0,
        "tp": 0,
        "fp": 359,
        "fn": 217
      },
      "15": {
        "pq": 0.0,
        "sq": 0.0,
        "rq": 0.0,
        "tp": 0,
        "fp": 525,
        "fn": 205
      },
      "16": {
        "pq": 0.0,
        "sq": 0.0,
        "rq": 0.0,
        "tp": 0,
        "fp": 332,
        "fn": 35
      },
      "17": {
        "pq": 0.0,
        "sq": 0.0,
        "rq": 0.0,
        "tp": 0,
        "fp": 0,
        "fn": 21
      },
      "18": {
        "pq": 0.0,
        "sq": 0.0,
        "rq": 0.0,
        "tp": 0,
        "fp": 1095,
        "fn": 85
      }
    },
    "miou": 1.142980817864717
  },
  "mapillary": {
    "pq": 2.2302514597303458,
    "pq_stuff": 4.674942024119484,
    "pq_things": 0.6237405174174834,
    "per_category": {
      "0": {
        "pq": 0.0,
        "sq": 0.0,
        "rq": 0.0,
        "tp": 0,
        "fp": 0,
        "fn": 287
      },
      "1": {
        "pq": 0.0,
        "sq": 0.0,
        "rq": 0.0,
        "tp": 0,
        "fp": 0,
        "fn": 49
      },
      "3": {
        "pq": 0.0,
        "sq": 0.0,
        "rq": 0.0,
        "tp": 0,
        "fp": 0,
        "fn": 428
      },
      "4": {
        "pq": 0.0,
        "sq": 0.0,
        "rq": 0.0,
        "tp": 0,
        "fp": 0,
        "fn": 6673
      },
      "5": {
        "pq": 0.039440813116128765,
        "sq": 0.6559935240344358,
        "rq": 0.060123784261715295,
        "tp": 102,
        "fp": 665,
        "fn": 2524
      },
      "6": {
        "pq": 0.0,
        "sq": 0.0,
        "rq": 0.0,
        "tp": 0,
        "fp": 0,
        "fn": 618
      },
      "7": {
        "pq": 0.0,
        "sq": 0.0,
        "rq": 0.0,
        "tp": 0,
        "fp": 0,
        "fn": 2
      },
      "8": {
        "pq": 0.0,
        "sq": 0.0,
        "rq": 0.0,
        "tp": 0,
        "fp": 0,
        "fn": 27
      },
      "9": {
        "pq": 0.0,
        "sq": 0.0,
        "rq": 0.0,
        "tp": 0,
        "fp": 0,
        "fn": 54
      },
      "10": {
        "pq": 0.0,
        "sq": 0.0,
        "rq": 0.0,
        "tp": 0,
        "fp": 0,
        "fn": 327
      },
      "11": {
        "pq": 0.0,
        "sq": 0.0,
        "rq": 0.0,
        "tp": 0,
        "fp": 0,
        "fn": 512
      },
      "12": {
        "pq": 0.04126530967318377,
        "sq": 0.643119851256569,
        "rq": 0.06416426050689766,
        "tp": 100,
        "fp": 1205,
        "fn": 1712
      },
      "13": {
        "pq": 0.0,
        "sq": 0.0,
        "rq": 0.0,
        "tp": 0,
        "fp": 0,
        "fn": 191
      },
      "14": {
        "pq": 0.0,
        "sq": 0.0,
        "rq": 0.0,
        "tp": 0,
        "fp": 0,
        "fn": 397
      },
      "15": {
        "pq": 0.0,
        "sq": 0.0,
        "rq": 0.0,
        "tp": 0,
        "fp": 0,
        "fn": 1939
      },
      "16": {
        "pq": 0.0,
        "sq": 0.0,
        "rq": 0.0,
        "tp": 0,
        "fp": 0,
        "fn": 384
      },
      "17": {
        "pq": 0.0,
        "sq": 0.0,
        "rq": 0.0,
        "tp": 0,
        "fp": 0,
        "fn": 365
      },
      "18": {
        "pq": 0.0,
        "sq": 0.0,
        "rq": 0.0,
        "tp": 0,
        "fp": 0,
        "fn": 29
      },
      "19": {
        "pq": 0.0,
        "sq": 0.0,
        "rq": 0.0,
        "tp": 0,
        "fp": 0,
        "fn": 80
      },
      "20": {
        "pq": 0.0,
        "sq": 0.0,
        "rq": 0.0,
        "tp": 0,
        "fp": 0,
        "fn": 104
      },
      "21": {
        "pq": 0.5889114725164492,
        "sq": 0.7840491353568831,
        "rq": 0.7511155180961825,
        "tp": 1515,
        "fp": 485,
        "fn": 519
      },
      "22": {
        "pq": 0.0,
        "sq": 0.0,
        "rq": 0.0,
        "tp": 0,
        "fp": 0,
        "fn": 224
      },
      "23": {
        "pq": 0.0,
        "sq": 0.0,
        "rq": 0.0,
        "tp": 0,
        "fp": 0,
        "fn": 166
      },
      "24": {
        "pq": 0.07814456759256348,
        "sq": 0.6354255384049152,
        "rq": 0.12297989751675206,
        "tp": 312,
        "fp": 1397,
        "fn": 3053
      },
      "25": {
        "pq": 0.0,
        "sq": 0.0,
        "rq": 0.0,
        "tp": 0,
        "fp": 0,
        "fn": 1075
      },
      "26": {
        "pq": 0.0,
        "sq": 0.0,
        "rq": 0.0,
        "tp": 0,
        "fp": 0,
        "fn": 398
      },
      "27": {
        "pq": 0.3047637973099887,
        "sq": 0.7250875063029436,
        "rq": 0.42031312725812925,
        "tp": 1047,
        "fp": 812,
        "fn": 2076
      },
      "28": {
        "pq": 0.0,
        "sq": 0.0,
        "rq": 0.0,
        "tp": 0,
        "fp": 0,
        "fn": 9
      },
      "29": {
        "pq": 0.0,
        "sq": 0.0,
        "rq": 0.0,
        "tp": 0,
        "fp": 0,
        "fn": 19
      },
      "30": {
        "pq": 0.036717214587795505,
        "sq": 0.6200162823522056,
        "rq": 0.059219758630367665,
        "tp": 211,
        "fp": 881,
        "fn": 5823
      },
      "32": {
        "pq": 0.04127774892426157,
        "sq": 0.589927828375905,
        "rq": 0.06997084548104957,
        "tp": 24,
        "fp": 313,
        "fn": 325
      },
      "33": {
        "pq": 0.0,
        "sq": 0.0,
        "rq": 0.0,
        "tp": 0,
        "fp": 0,
        "fn": 442
      },
      "34": {
        "pq": 0.0,
        "sq": 0.0,
        "rq": 0.0,
        "tp": 0,
        "fp": 0,
        "fn": 23
      },
      "35": {
        "pq": 0.0,
        "sq": 0.0,
        "rq": 0.0,
        "tp": 0,
        "fp": 0,
        "fn": 3291
      },
      "36": {
        "pq": 0.0,
        "sq": 0.0,
        "rq": 0.0,
        "tp": 0,
        "fp": 0,
        "fn": 4431
      },
      "37": {
        "pq": 0.0,
        "sq": 0.0,
        "rq": 0.0,
        "tp": 0,
        "fp": 0,