{
  "dataset": "coco_stuff27",
  "checkpoint": "checkpoints/stage3_dcfa_simcf_abc/best_pq_step=003000.ckpt",
  "num_images": 1000,
  "metrics": {
    "PQ": 0.07833,
    "SQ": 0.38551,
    "RQ": 0.10062,
    "PQ_things": 0.07826,
    "SQ_things": 0.14175,
    "RQ_things": 0.09151,
    "PQ_stuff": 0.07839,
    "SQ_stuff": 0.58051,
    "RQ_stuff": 0.10791,
    "mIoU": 0.14221,
    "Acc": 0.34402
  },
  "per_class": {
    "electronic": {
      "PQ": 0.0,
      "SQ": 0.0,
      "RQ": 0.0
    },
    "appliance": {
      "PQ": 0.0,
      "SQ": 0.0,
      "RQ": 0.0
    },
    "food": {
      "PQ": 0.0,
      "SQ": 0.0,
      "RQ": 0.0
    },
    "furniture": {
      "PQ": 0.0,
      "SQ": 0.0,
      "RQ": 0.0
    },
    "indoor": {
      "PQ": 0.0,
      "SQ": 0.0,
      "RQ": 0.0
    },
    "kitchen": {
      "PQ": 0.0,
      "SQ": 0.0,
      "RQ": 0.0
    },
    "accessory": {
      "PQ": 0.0,
      "SQ": 0.0,
      "RQ": 0.0
    },
    "animal": {
      "PQ": 0.0,
      "SQ": 0.0,
      "RQ": 0.0
    },
    "outdoor": {
      "PQ": 0.0,
      "SQ": 0.0,
      "RQ": 0.0
    },
    "person": {
      "PQ": 0.36696,
      "SQ": 0.82585,
      "RQ": 0.44434
    },
    "sports": {
      "PQ": 0.0,
      "SQ": 0.0,
      "RQ": 0.0
    },
    "vehicle": {
      "PQ": 0.5721,
      "SQ": 0.87515,
      "RQ": 0.65372
    },
    "ceiling": {
      "PQ": 0.01013,
      "SQ": 0.63035,
      "RQ": 0.01606
    },
    "floor": {
      "PQ": 0.02653,
      "SQ": 0.603,
      "RQ": 0.044
    },
    "food-stuff": {
      "PQ": 0.0,
      "SQ": 0.0,
      "RQ": 0.0
    },
    "furniture-stuff": {
      "PQ": 0.0188,
      "SQ": 0.63327,
      "RQ": 0.02968
    },
    "raw-material": {
      "PQ": 0.0,
      "SQ": 0.0,
      "RQ": 0.0
    },
    "textile": {
      "PQ": 0.01305,
      "SQ": 0.7326,
      "RQ": 0.01782
    },
    "wall": {
      "PQ": 0.05972,
      "SQ": 0.61292,
      "RQ": 0.09744
    },
    "window": {
      "PQ": 0.02034,
      "SQ": 0.64406,
      "RQ": 0.03158
    },
    "building": {
      "PQ": 0.08212,
      "SQ": 0.65162,
      "RQ": 0.12602
    },
    "ground": {
      "PQ": 0.15777,
      "SQ": 0.70865,
      "RQ": 0.22264
    },
    "plant": {
      "PQ": 0.29112,
      "SQ": 0.7241,
      "RQ": 0.40204
    },
    "sky": {
      "PQ": 0.40029,
      "SQ": 0.8348,
      "RQ": 0.4795
    },
    "solid": {
      "PQ": 0.01836,
      "SQ": 0.63523,
      "RQ": 0.0289
    },
    "structural": {
      "PQ": 0.072,
      "SQ": 0.62851,
      "RQ": 0.11456
    },
    "water": {
      "PQ": 0.00565,
      "SQ": 0.66857,
      "RQ": 0.00846
    }
  }
}