{
  "dataset": "kitti_panoptic",
  "checkpoint": "checkpoints/stage3_dcfa_simcf_abc/best_pq_step=003000.ckpt",
  "num_images": 200,
  "metrics": {
    "PQ": 0.34848,
    "SQ": 0.62431,
    "RQ": 0.4291,
    "PQ_things": 0.31943,
    "SQ_things": 0.77178,
    "RQ_things": 0.38357,
    "PQ_stuff": 0.36397,
    "SQ_stuff": 0.54566,
    "RQ_stuff": 0.45338,
    "mIoU": 0.46874,
    "Acc": 0.87899
  },
  "per_class": {
    "road": {
      "PQ": 0.91972,
      "SQ": 0.92434,
      "RQ": 0.995
    },
    "sidewalk": {
      "PQ": 0.42832,
      "SQ": 0.7114,
      "RQ": 0.60208
    },
    "parking": {
      "PQ": 0.0,
      "SQ": 0.0,
      "RQ": 0.0
    },
    "rail track": {
      "PQ": 0.0,
      "SQ": 0.0,
      "RQ": 0.0
    },
    "building": {
      "PQ": 0.63279,
      "SQ": 0.78328,
      "RQ": 0.80788
    },
    "wall": {
      "PQ": 0.43917,
      "SQ": 0.71864,
      "RQ": 0.61111
    },
    "fence": {
      "PQ": 0.21343,
      "SQ": 0.61183,
      "RQ": 0.34884
    },
    "guard rail": {
      "PQ": 0.0,
      "SQ": 0.0,
      "RQ": 0.0
    },
    "bridge": {
      "PQ": 0.0,
      "SQ": 0.0,
      "RQ": 0.0
    },
    "tunnel": {
      "PQ": 0.0,
      "SQ": 0.0,
      "RQ": 0.0
    },
    "pole": {
      "PQ": 0.01459,
      "SQ": 0.57382,
      "RQ": 0.02542
    },
    "polegroup": {
      "PQ": 0.0,
      "SQ": 0.0,
      "RQ": 0.0
    },
    "traffic light": {
      "PQ": 0.11627,
      "SQ": 0.57609,
      "RQ": 0.20183
    },
    "traffic sign": {
      "PQ": 0.31547,
      "SQ": 0.73235,
      "RQ": 0.43077
    },
    "vegetation": {
      "PQ": 0.87319,
      "SQ": 0.87319,
      "RQ": 1.0
    },
    "terrain": {
      "PQ": 0.61193,
      "SQ": 0.76831,
      "RQ": 0.79646
    },
    "sky": {
      "PQ": 0.89469,
      "SQ": 0.91171,
      "RQ": 0.98133
    },
    "person": {
      "PQ": 0.02387,
      "SQ": 0.77089,
      "RQ": 0.03096
    },
    "rider": {
      "PQ": 0.17786,
      "SQ": 0.64475,
      "RQ": 0.27586
    },
    "car": {
      "PQ": 0.7647,
      "SQ": 0.89776,
      "RQ": 0.85179
    },
    "truck": {
      "PQ": 0.48599,
      "SQ": 0.89098,
      "RQ": 0.54545
    },
    "bus": {
      "PQ": 0.42022,
      "SQ": 0.84044,
      "RQ": 0.5
    },
    "caravan": {
      "PQ": 0.0,
      "SQ": 0.0,
      "RQ": 0.0
    },
    "trailer": {
      "PQ": 0.0,
      "SQ": 0.0,
      "RQ": 0.0
    },
    "train": {
      "PQ": 0.25776,
      "SQ": 0.70885,
      "RQ": 0.36364
    },
    "motorcycle": {
      "PQ": 0.00048,
      "SQ": 0.57143,
      "RQ": 0.00084
    },
    "bicycle": {
      "PQ": 0.42456,
      "SQ": 0.84912,
      "RQ": 0.5
    }
  }
}